,0
0,Aaosphaeria arxii
1,Abortiporus biennis
2,Absidia glauca
3,Absidia padenii
4,Absidia repens
5,Acaromyces ingoldii
6,Acephala macrosclerotiorum
7,Achaetomium strumarium
8,Aciculosporium take
9,Acidomyces richmondensis
10,Acidothrix acidophila
11,Acremonium alcalophilum
12,Acremonium chrysogenum
13,Acremonium furcatum
14,Acremonium strictum
15,Actinomucor elegans
16,Agaricostilbum hyphaenes
17,Agaricus bisporus
18,Agrocybe pediades
19,Albophoma yamanashiensis
20,Aliquandostipite khaoyaiensis
21,Alloascoidea hylecoeti
22,Allomyces macrogynus
23,Alternaria alternata
24,Alternaria arborescens
25,Alternaria brassicicola
26,Alternaria consortialis
27,Alternaria solani
28,Amanita bisporigera
29,Amanita brunnescens
30,Amanita inopinata
31,Amanita jacksonii
32,Amanita muscaria
33,Amanita phalloides
34,Amanita polypyramis
35,Amanita thiersii
36,Amauroascus mutatus
37,Amauroascus niger
38,Ambrosiella xylebori
39,Ambrosiozyma kashinagacola
40,Ambrosiozyma monospora
41,Amniculicola lignicola
42,Amorphotheca resinae
43,Ampelomyces quisqualis
44,Amphiamblys sp.
45,Amylocystis lapponica
46,Amylostereum chailletii
47,Anaeromyces robustus
48,Anncaliia algerae
49,Anomoporia bombycina
50,Anthostoma avocetta
51,Anthracocystis flocculosa
52,Antonospora locustae
53,Antrodia serialis
54,Antrodia sinuosa
55,Apiosordaria backusii
56,Apiospora montagnei
57,Apiotrichum brassicae
58,Apiotrichum domesticum
59,Apiotrichum gamsii
60,Apiotrichum gracile
61,Apiotrichum laibachii
62,Apiotrichum montevideense
63,Apiotrichum porosum
64,Apiotrichum veenhuisii
65,Aplosporella prunicola
66,Apodospora peruviana
67,Apophysomyces elegans
68,Apophysomyces trapeziformis
69,Apophysomyces variabilis
70,Aporpium caryae
71,Armillaria cepistipes
72,Armillaria fuscipes
73,Armillaria gallica
74,Armillaria mellea
75,Armillaria ostoyae
76,Armillaria solidipes
77,Arthroascus fermentans
78,Arthrobotrys oligospora
79,Arthroderma benhamiae
80,Arthroderma otae
81,Artolenzites elegans
82,Aschersonia aleyrodis
83,Ascobolus immersus
84,Ascochyta rabiei
85,Ascocoryne sarcoides
86,Ascodesmis nigricans
87,Ascoidea asiatica
88,Ascoidea rubescens
89,Ascosphaera apis
90,Ashbya gossypii
91,Aspergillus acristatulus
92,Aspergillus aculeatinus
93,Aspergillus aculeatus
94,Aspergillus amylovorus
95,Aspergillus arachidicola
96,Aspergillus awamori
97,Aspergillus bisporus
98,Aspergillus bombycis
99,Aspergillus brasiliensis
100,Aspergillus brevijanus
101,Aspergillus brunneoviolaceus
102,Aspergillus calidoustus
103,Aspergillus campestris
104,Aspergillus candidus
105,Aspergillus carbonarius
106,Aspergillus chevalieri
107,Aspergillus clavatus
108,Aspergillus costaricaensis
109,Aspergillus cristatus
110,Aspergillus desertorum
111,Aspergillus ellipticus
112,Aspergillus eucalypticola
113,Aspergillus fijiensis
114,Aspergillus filifera
115,Aspergillus fischeri
116,Aspergillus flavus
117,Aspergillus fumigatus
118,Aspergillus funiculosus
119,Aspergillus glaucus
120,Aspergillus hancockii
121,Aspergillus heteromorphus
122,Aspergillus homomorphus
123,Aspergillus ibericus
124,Aspergillus indicus
125,Aspergillus indologenus
126,Aspergillus insolitus
127,Aspergillus japonicus
128,Aspergillus kawachii
129,Aspergillus lacticoffeatus
130,Aspergillus lentulus
131,Aspergillus luchuensis
132,Aspergillus multicolor
133,Aspergillus neoauricomus
134,Aspergillus neoechinulatus
135,Aspergillus neoniger
136,Aspergillus nidulans
137,Aspergillus niger
138,Aspergillus nomius
139,Aspergillus novofumigatus
140,Aspergillus ochraceoroseus
141,Aspergillus olivicola
142,Aspergillus oryzae
143,Aspergillus parasiticus
144,Aspergillus parvulus
145,Aspergillus penicilloides
146,Aspergillus persii
147,Aspergillus phoenicis
148,Aspergillus piperis
149,Aspergillus rambellii
150,Aspergillus recurvatus
151,Aspergillus restrictus
152,Aspergillus robustus
153,Aspergillus roseoglobulosus
154,Aspergillus ruber
155,Aspergillus saccharolyticus
156,Aspergillus sclerotiicarbonarius
157,Aspergillus sclerotioniger
158,Aspergillus sclerotiorum
159,Aspergillus sojae
160,Aspergillus sp.
161,Aspergillus stella-maris
162,Aspergillus stercoraria
163,Aspergillus steynii
164,Aspergillus sydowii
165,Aspergillus taichungensis
166,Aspergillus terreus
167,Aspergillus thermomutatus
168,Aspergillus triticus
169,Aspergillus tubingensis
170,Aspergillus turcosus
171,Aspergillus udagawae
172,Aspergillus undulatus
173,Aspergillus unguis
174,Aspergillus ustus
175,Aspergillus uvarum
176,Aspergillus vadensis
177,Aspergillus venezuelensis
178,Aspergillus versicolor
179,Aspergillus violaceofuscus
180,Aspergillus welwitschiae
181,Aspergillus wentii
182,Aspergillus westerdijkiae
183,Aspergillus zonatus
184,Athelia rolfsii
185,Atkinsonella hypoxylon
186,Atkinsonella texensis
187,Atractiellales rhizophila
188,Aulographum hederae
189,Aureobasidium melanogenum
190,Aureobasidium namibiae
191,Aureobasidium pullulans
192,Aureobasidium sp.
193,Aureobasidium subglaciale
194,Auricularia auricula-judae
195,Auricularia heimuer
196,Auricularia subglabra
197,Auriculariopsis ampla
198,Auriscalpium vulgare
199,Babjeviella inositovora
200,Backusella circina
201,Baeospora myosura
202,Balansia obtecta
203,Basidioascus undulatus
204,Basidiobolus heterosporus
205,Basidiobolus meristosporus
206,Basipetospora chlamydospora
207,Batrachochytrium dendrobatidis
208,Batrachochytrium salamandrivorans
209,Baudoinia compniacensis
210,Baudoinia panamericana
211,Beauveria bassiana
212,Beauveria rudraprayagi
213,Beverwykella pulmonaria
214,Bifiguratus adelaidae
215,Bimuria novae-zelandiae
216,Bipolaris cookei
217,Bipolaris maydis
218,Bipolaris oryzae
219,Bipolaris sorokiniana
220,Bipolaris victoriae
221,Bipolaris zeicola
222,Biscogniauxia nummularia
223,Bisporella sp.
224,Bjerkandera adusta
225,Blakeslea trispora
226,Blastobotrys (Arxula)
227,Blastocladiella britannica
228,Blastomyces dermatitidis
229,Blastomyces gilchristii
230,Blastomyces percursus
231,Blumeria graminis
232,Blyttiomyces helicus
233,Bolbitius vitellinus
234,Boletus edulis
235,Bombardia bombarda
236,Botryobasidium botryosum
237,Botryosphaeria dothidea
238,Botrytis cinerea
239,Botrytis paeoniae
240,Brettanomyces anomalus
241,Brettanomyces bruxellensis
242,Brettanomyces custersianus
243,Brettanomyces naardenensis
244,Bulgaria inquinans
245,Bullera alba
246,Byssochlamys sp.
247,Byssochlamys spectabilis
248,Byssoonygena ceratinophila
249,Byssothecium circinans
250,Cadophora malorum
251,Cadophora sp.
252,Cairneyella variabilis
253,Caliciopsis orientalis
254,Calocera cornea
255,Calocera viscosa
256,Calonectria leucothoes
257,Calonectria pseudonaviculata
258,Calonectria pseudoreteaudii
259,Caloscypha fulgens
260,Calosphaeria pulchella
261,Calycina herbarum
262,Candida albicans
263,Candida arabinofermentans
264,Candida bracarensis
265,Candida castellii
266,Candida dubliniensis
267,Candida glabrata
268,Candida maltosa
269,Candida nivariensis
270,Candida orthopsilosis
271,Candida parapsilosis
272,Candida psychrophila
273,Candida sojae
274,Candida sorboxylosa
275,Candida sp.
276,Candida tanzawaensis
277,Candida tenuis
278,Candida tropicalis
279,Candida versatilis
280,Cantharellus anzutake
281,Capniomyces stellatus
282,Capronia coronata
283,Capronia epimyces
284,Capronia semiimmersa
285,Catenaria anguillulae
286,Caulochytrium protostelioides
287,Cenococcum geophilum
288,Cephaloascus albidus
289,Cephaloascus fragrans
290,Ceraceosorus bombacis
291,Ceraceosorus guamensis
292,
293,Ceratobasidium sp.
294,Ceratocystiopsis brevicomis
295,Ceratocystiopsis minuta
296,Ceratocystis adiposa
297,Ceratocystis albifundus
298,Ceratocystis cacaofunesta
299,Ceratocystis eucalypticola
300,Ceratocystis fagacearum
301,Ceratocystis fimbriata
302,Ceratocystis harringtonii
303,Ceratocystis manginecans
304,Ceratocystis platani
305,Cercophora caudata
306,Cercophora newfieldiana
307,Cercophora scortea
308,Cercospora beticola
309,Cercospora canescens
310,Cercospora cf.
311,Cercospora sojina
312,Cercospora zeae-maydis
313,Cercospora zeina
314,Cerinomyces ceraceus
315,Ceriporiopsis (Gelatoporia)
316,Cerrena unicolor
317,Chaetomium cochliodes
318,Chaetomium globosum
319,Chaetomium thermophilum
320,Chaetosphaeria innumera
321,Chalara longipes
322,Chalaropsis thielavioides
323,Chionosphaera apobasidialis
324,Chionosphaera cuniculicola
325,Chlorociboria aeruginascens
326,Choanephora cucurbitarum
327,Choiromyces venosus
328,Chrysoporthe austroafricana
329,Chrysoporthe cubensis
330,Chrysoporthe deuterocubensis
331,Chrysosporium queenslandicum
332,Chytridium lagenaria
333,Chytriomyces sp.
334,Ciborinia camelliae
335,Circinella umbellata
336,Cladonia grayi
337,Cladonia macilenta
338,Cladonia metacorallifera
339,Cladophialophora bantiana
340,Cladophialophora carrionii
341,Cladophialophora immunda
342,Cladophialophora psammophila
343,Cladophialophora yegresii
344,Cladorrhinum bulbillosum
345,Cladosporium cladosporioides
346,Cladosporium fulvum
347,Cladosporium sphaerospermum
348,Clathrospora elynae
349,Clavaria fumosa
350,Claviceps fusiformis
351,Claviceps paspali
352,Claviceps purpurea
353,Clavicorona pyxidata
354,Clavispora lusitaniae
355,Clavulina sp.
356,Climacocystis borealis
357,Clitocybe gibba
358,Clohesyomyces aquaticus
359,Clonostachys rosea
360,Coccidioides immitis
361,Coccidioides posadasii
362,Coccodinium bartschii
363,Coccomyces strobi
364,Cochliobolus carbonum
365,Cochliobolus heterostrophus
366,Cochliobolus lunatus
367,Cochliobolus miyabeanus
368,Cochliobolus sativus
369,Cochliobolus victoriae
370,Coemansia reversa
371,Coemansia spiralis
372,Cokeromyces recurvatus
373,Colletotrichum acutatum
374,Colletotrichum caudatum
375,Colletotrichum cereale
376,Colletotrichum chlorophyti
377,Colletotrichum coccodes
378,Colletotrichum eremochloae
379,Colletotrichum falcatum
380,Colletotrichum fioriniae
381,Colletotrichum fructicola
382,Colletotrichum gloeosporioides
383,Colletotrichum godetiae
384,Colletotrichum graminicola
385,Colletotrichum higginsianum
386,Colletotrichum incanum
387,Colletotrichum lindemuthianum
388,Colletotrichum lupini
389,Colletotrichum musae
390,Colletotrichum navitas
391,Colletotrichum nymphaeae
392,Colletotrichum orbiculare
393,Colletotrichum orchidophilum
394,Colletotrichum phormii
395,Colletotrichum salicis
396,Colletotrichum sansevieriae
397,Colletotrichum simmondsii
398,Colletotrichum somersetensis
399,Colletotrichum sublineola
400,Colletotrichum tofieldiae
401,Colletotrichum truncatum
402,Colletotrichum zoysiae
403,Conidiobolus coronatus
404,Conidiobolus incongruus
405,Conidiobolus thromboides
406,Coniella lustricola
407,Coniferiporia sulphurascens
408,Coniochaeta hoffmannii
409,Coniochaeta ligniaria
410,Coniochaeta sp.
411,Coniophora olivacea
412,Coniophora puteana
413,Coniosporium apollinis
414,Coprinellus micaceus
415,Coprinellus pellucidus
416,Coprinopsis cinerea
417,Coprinopsis marcescibilis
418,Coprinopsis sclerotiger
419,Coprinopsis strossmayeri
420,Cordyceps brongniartii
421,Cordyceps cicadae
422,Cordyceps confragosa
423,Cordyceps militaris
424,Cordyceps sp.
425,Corollospora maritima
426,Cortinarius glaucopus
427,Corynespora cassiicola
428,Crassisporium funariophilum
429,Crepidotus sp.
430,Crepidotus variabilis
431,Cronartium comandrae
432,Cronartium quercuum
433,Cronartium ribicola
434,Crucibulum laeve
435,Cryomyces antarcticus
436,Cryphonectria parasitica
437,Cryphonectria radicalis
438,Cryptococcus amylolentus
439,Cryptococcus curvatus
440,Cryptococcus depauperatus
441,Cryptococcus gattii
442,Cryptococcus neoformans
443,Cryptococcus sp.
444,Cryptococcus terricola
445,Cryptococcus vishniacii
446,Cryptococcus wieringae
447,Cryptodiaporthe populea
448,Cryptodiaporthe sp.
449,Cucurbitaria berberidis
450,Cunninghamella bertholletiae
451,Cunninghamella echinulata
452,Cunninghamella elegans
453,Curvularia lunata
454,Curvularia papendorfii
455,Curvularia sp.
456,Cutaneotrichosporon arboriformis
457,Cutaneotrichosporon curvatus
458,Cutaneotrichosporon cutaneum
459,Cutaneotrichosporon cyanovorans
460,Cutaneotrichosporon daszewskae
461,Cutaneotrichosporon guehoae
462,Cutaneotrichosporon oleaginosum
463,Cutaneotrichosporon oleaginosus
464,Cyathus striatus
465,Cyberlindnera fabianii
466,Cyberlindnera jadinii
467,Cylindrobasidium torrendii
468,Cyphellophora europaea
469,Cystobasidiopsis lactophilus
470,Cystobasidium pallidum
471,Cystostereum murrayi
472,Cytidiella melzeri
473,Cytospora chrysosperma
474,Dacryopinax primogenitus
475,Dactylellina haptotyla
476,Dactylonectria macrodidyma
477,Daedalea quercina
478,Daldinia eschscholtzii
479,Daldinia eschscholzii
480,Daldinia sp.
481,Davidsoniella virescens
482,Debaryomyces fabryi
483,Debaryomyces hansenii
484,Decorospora gaudefroyi
485,Dekkera bruxellensis
486,Delitschia confertaspora
487,Delphinella strobiligena
488,Dendrothele bispora
489,Dentipellis sp.
490,Diaporthe ampelina
491,Diaporthe aspalathi
492,Diaporthe helianthi
493,Diaporthe longicolla
494,Dichomitus squalens
495,Dichotomocladium elegans
496,Didymella exigua
497,Didymella zeae-maydis
498,Didymobotryum rigidum
499,Didymocrea sadasivanii
500,Dimargaris cristalligena
501,Dioszegia aurantiaca
502,Dioszegia crocea
503,Dioszegia cryoxerica
504,Diplocarpon rosae
505,Diplodia corticola
506,Diplodia sapinea
507,Diplodia scrobiculata
508,Diplodia seriata
509,Dissoconium aciculare
510,Dothidotthia symphoricarpi
511,Dothistroma pini
512,Dothistroma septosporum
513,Drechmeria coniospora
514,Drechslerella stenobrocha
515,Earliella scabrosa
516,Edhazardia aedis
517,Elaphomyces granulatus
518,Elsinoe ampelina
519,Emergomyces orientalis
520,Emergomyces pasteuriana
521,Emmonsia crescens
522,Emmonsia parva
523,Emmonsia sp.
524,Encephalitozoon cuniculi
525,Encephalitozoon hellem
526,Encephalitozoon intestinalis
527,Encephalitozoon romaleae
528,Endocalyx cinctus
529,Endocarpon pusillum
530,Endoconidiophora laricicola
531,Endoconidiophora polonica
532,Endocronartium harknessii
533,Enterocytozoon bieneusi
534,Enterocytozoon hepatopenaei
535,Enterospora canceri
536,Entoleuca mammata
537,Entomophthora muscae
538,Entophlyctis helioformis
539,Epichloe amarillans
540,Epichloe aotearoae
541,Epichloe baconii
542,Epichloe brachyelytri
543,Epichloe bromicola
544,Epichloe elymi
545,Epichloe festucae
546,Epichloe gansuensis
547,Epichloe glyceriae
548,Epichloe sp.
549,Epichloe sylvatica
550,Epichloe typhina
551,Epichloe uncinata
552,Epicoccum nigrum
553,Epicoccum sorghinum
554,Eremomyces bilateralis
555,Eremothecium coryli
556,Eremothecium cymbalariae
557,Eremothecium gossypii
558,Eremothecium sinecaudum
559,Erysiphe necator
560,Erysiphe pisi
561,Erythrobasidium hasegawianum
562,Erythrobasidium yunnanense
563,Escovopsis weberi
564,Esteya vermicola
565,Eurotium rubrum
566,Eutypa lata
567,Exidia glandulosa
568,Exobasidium maculosum
569,Exobasidium vaccinii
570,Exophiala alcalophila
571,Exophiala aquamarina
572,Exophiala calicioides
573,Exophiala dermatitidis
574,Exophiala mesophila
575,Exophiala oligosperma
576,Exophiala sideris
577,Exophiala spinifera
578,Exophiala xenobiotica
579,Exutisphaerella laricina
580,Falciphora oryzae
581,Fellomyces penicillatus
582,Fennellomyces sp.
583,Fibroporia radiculosa
584,Fibularhizoctonia sp.
585,Fibulobasidium inconspicuum
586,Fibulorhizoctonia sp.
587,Filobasidium wieringae
588,Fistulina hepatica
589,Flammulina velutipes
590,Fomes fomentarius
591,Fomitiporia mediterranea
592,Fomitopsis betulina
593,Fomitopsis palustris
594,Fomitopsis pinicola
595,Fonsecaea erecta
596,Fonsecaea monophora
597,Fonsecaea multimorphosa
598,Fonsecaea nubica
599,Fonsecaea pedrosoi
600,Fragosphaeria purpurea
601,Fusarium agapanthi
602,Fusarium asiaticum
603,Fusarium avenaceum
604,Fusarium azukicola
605,Fusarium brasiliense
606,Fusarium circinatum
607,Fusarium culmorum
608,Fusarium cuneirostrum
609,Fusarium equiseti
610,Fusarium euwallaceae
611,Fusarium fujikuroi
612,Fusarium graminearum
613,Fusarium hostae
614,Fusarium langsethiae
615,Fusarium mangiferae
616,Fusarium meridionale
617,Fusarium nygamai
618,Fusarium oxysporum
619,Fusarium phaseoli
620,Fusarium pininemorale
621,Fusarium poae
622,Fusarium praegraminearum
623,Fusarium proliferatum
624,Fusarium pseudograminearum
625,Fusarium redolens
626,Fusarium sambucinum
627,Fusarium solani
628,Fusarium sp.
629,Fusarium temperatum
630,Fusarium tucumaniae
631,Fusarium udum
632,Fusarium verticillioides
633,Fusarium virguliforme
634,Gaertneriomyces semiglobifer
635,Gaeumannomyces graminis
636,Gaeumannomyces sp.
637,Gaeumannomyces tritici
638,Galactomyces candidum
639,Galerina marginata
640,Ganoderma boninense
641,Ganoderma lucidum
642,Ganoderma sinense
643,Ganoderma sp.
644,Gautieria morchelliformis
645,Gelasinospora tetrasperma
646,Gelatoporia subvermispora
647,Geosmithia flava
648,Geosmithia morbida
649,Geosmithia putterillii
650,Geotrichum candidum
651,Geotrichum fermentans
652,Gilbertella persicaria
653,Glarea lozoyensis
654,Gliomastix tumulicola
655,Globomyces pollinis-pini
656,Gloeopeniophorella convolvens
657,Gloeophyllum trabeum
658,Glomerella acutata
659,Glomerella cingulata
660,Glonium stellatum
661,Golubevia pallescens
662,Gonapodya prolifera
663,Gongronella butleri
664,Gongronella sp.
665,Grammothele lineata
666,Graphilbum fragrans
667,Gremmeniella abietina
668,Grifola frondosa
669,Grosmannia clavigera
670,Grosmannia penicillata
671,Guyanagaster necrorhiza
672,Gyalolechia flavorubescens
673,Gymnascella aurantiaca
674,Gymnascella citrina
675,Gymnopilus chrysopellus
676,Gymnopilus junonius
677,Gymnopus androsaceus
678,Gymnopus earleae
679,Gymnopus luxurians
680,Gyrodon lividus
681,Gyromitra esculenta
682,Hamiltosporidium tvaerminnensis
683,Hanseniaspora guilliermondii
684,Hanseniaspora opuntiae
685,Hanseniaspora osmophila
686,Hanseniaspora uvarum
687,Hanseniaspora valbyensis
688,Hanseniaspora vineae
689,Hebeloma cylindrosporum
690,Helicocarpus griseus
691,Heliocybe sulcata
692,Helminthosporium solani
693,Helotiales sp.
694,Hepatospora eriocheir
695,Herpotrichiellaceae sp.
696,Hesseltinella vesiculosa
697,Heterobasidion annosum
698,Heterobasidion irregulare
699,Heterogastridium pycnidioideum
700,Hexagonia nitida
701,Hirsutella minnesotensis
702,Hirsutella thompsonii
703,Histoplasma capsulatum
704,Holtermannia corniformis
705,Holtermanniella nyarrowii
706,Homolaphlyctis polyrhiza
707,Homoloaphlyctis polyrhiza
708,Hortaea acidophila
709,Hortaea werneckii
710,Huntiella bhutanensis
711,Huntiella moniliformis
712,Huntiella omanensis
713,Huntiella savannae
714,Hyalopycnis blepharistoma
715,Hydnomerulius pinastri
716,Hydnopolyporus fimbriatus
717,Hydnum rufescens
718,Hymenopellis radicata
719,Hymenoscyphus fraxineus
720,Hymenoscyphus fructigenus
721,Hymenoscyphus infarciens
722,Hymenoscyphus laetus
723,Hymenoscyphus repandus
724,Hymenoscyphus salicellus
725,Hymenoscyphus scutula
726,Hymenoscyphus varicosporoides
727,Hypholoma sublateritium
728,Hyphopichia burtonii
729,Hyphopichia homilentoma
730,Hypocrella siamensis
731,Hypoxylon pulicicidum
732,Hypoxylon sp.
733,Hypsizygus marmoreus
734,Hysterium pulicare
735,Ilyonectria destructans
736,Ilyonectria europaea
737,Ilyonectria robusta
738,Ilyonectria sp.
739,Irpex lacteus
740,Isaria farinosa
741,Isaria fumosorosea
742,Jaapia argillacea
743,Jaminaea sp.
744,Kalaharituber pfeilii
745,Kalmanozyma brasiliensis
746,Karstenula rhodostoma
747,Kazachstania africana
748,Kazachstania naganishii
749,Kazachstania saulgeensis
750,Kazachstania servazzii
751,Khuskia oryzae
752,Kickxella alabastrina
753,Kluyveromyces aestuarii
754,Kluyveromyces dobzhanskii
755,Kluyveromyces lactis
756,Kluyveromyces marxianus
757,Kluyveromyces wickerhamii
758,Knoxdaviesia capensis
759,Knoxdaviesia proteae
760,Knufia petricola
761,Kockovaella imperatae
762,Komagataella pastoris
763,Komagataella phaffii
764,Kretzschmaria deusta
765,Kuraishia capsulata
766,Kwoniella bestiolae
767,Kwoniella dejecticola
768,Kwoniella heveanensis
769,Kwoniella mangroviensis
770,Kwoniella pini
771,Laccaria amethystina
772,Laccaria bicolor
773,Lachancea dasiensis
774,Lachancea fermentati
775,Lachancea kluyveri
776,Lachancea lanzarotensis
777,Lachancea meyersii
778,Lachancea mirantina
779,Lachancea nothofagi
780,Lachancea sp.
781,Lachancea thermotolerans
782,Lachancea waltii
783,Lactarius quietus
784,Lactifluus subvellereus
785,Lactifluus volemus
786,Laetiporus sulphureus
787,Lasiodiplodia theobromae
788,Lasiosphaeria miniovina
789,Lasiosphaeria ovina
790,Lasiosphaeris hirsuta
791,Lecanicillium fungicola
792,Lecanicillium psalliotae
793,Lecanicillium sp.
794,Lecanosticta acicola
795,Lecythophora sp.
796,Leiotrametes lactinea
797,Leiotrametes menziesii
798,Leiotrametes sp
799,Lentinellus vulpinus
800,Lentinula afn.
801,Lentinula edodes
802,Lentinula lateritia
803,Lentinula raphanica
804,Lentinus polychrous
805,Lentinus tigrinus
806,Lentithecium fluviatile
807,Lepidopterella palustris
808,Lepista nuda
809,Lepista sordida
810,Leptodontium sp.
811,Leptographium lundbergii
812,Leptographium procerum
813,Leptosphaeria maculans
814,Leptoxyphium fumago
815,Leucoagaricus gongylophorus
816,Leucoagaricus sp.
817,Leucogyrophana mollusca
818,Leucosporidiella creatinivora
819,Leucosporidium creatinivorum
820,Lichtheimia corymbifera
821,Lichtheimia hyalospora
822,Lichtheimia ramosa
823,Lignosus rhinocerotis
824,Limonomyces culmigenus
825,Linderina pennispora
826,Lindgomyces ingoldianus
827,Lindra thalassiae
828,Lineolata rhizophorae
829,Lipomyces starkeyi
830,Lizonia empirigonia
831,Lobaria pulmonaria
832,Lobosporangium transversale
833,Lodderomyces elongisporus
834,Lollipopaia minuta
835,Lomentospora prolificans
836,Lophiostoma macrostomum
837,Lophiotrema nucula
838,Lophium mytilinum
839,Loramyces juncicola
840,Loramyces macrosporus
841,Lycoperdon perlatum
842,Lyophyllum decastes
843,Lyophyllum shimeji
844,Macrocystidia cucumis
845,Macrolepiota fuliginosa
846,Macrophomina phaseolina
847,Macroventuria anomochaeta
848,Madurella mycetomatis
849,Magnaporthe grisea
850,Magnaporthe oryzae
851,Magnaporthe poae
852,Magnaporthe sp.
853,Magnaporthiopsis poae
854,Malassezia caprae
855,Malassezia cuniculi
856,Malassezia dermatis
857,Malassezia equina
858,Malassezia furfur
859,Malassezia globosa
860,Malassezia japonica
861,Malassezia nana
862,Malassezia obtusa
863,Malassezia pachydermatis
864,Malassezia restricta
865,Malassezia slooffiae
866,Malassezia sp.
867,Malassezia sympodialis
868,Malassezia yamatoensis
869,Marasmius fiardii
870,Mariannaea sp.
871,Marssonina brunnea
872,Marssonina coronariae
873,Martensiomyces pterosporus
874,Massarina eburnea
875,Massariosphaeria phaeospora
876,Meira miltonrushii
877,Meira nashicola
878,Melampsora abietis-canadensis
879,Melampsora aecidioides
880,Melampsora allii-populina
881,Melampsora larici-populina
882,Melampsora lini
883,Melampsora medusae
884,Melampsora occidentalis
885,Melampsora pinitorqua
886,Melanconium sp.
887,Melanomma pulvis-pyrius
888,Melanospora tiffanyae
889,Melanotaenium endogenum
890,Meliniomyces bicolor
891,Meliniomyces variabilis
892,Memnoniella echinata
893,Meredithblackwellia eburnea
894,Metarhizium acridum
895,Metarhizium album
896,Metarhizium anisopliae
897,Metarhizium brunneum
898,Metarhizium guizhouense
899,Metarhizium majus
900,Metarhizium rileyi
901,Metarhizium robertsii
902,Metschnikowia aberdeeniae
903,Metschnikowia arizonensis
904,Metschnikowia australis
905,Metschnikowia bicuspidata
906,Metschnikowia borealis
907,Metschnikowia bowlesiae
908,Metschnikowia cerradonensis
909,Metschnikowia colocasiae
910,Metschnikowia continentalis
911,Metschnikowia cubensis
912,Metschnikowia dekortorum
913,Metschnikowia drakensbergensis
914,Metschnikowia fructicola
915,Metschnikowia hamakuensis
916,Metschnikowia hawaiiensis
917,Metschnikowia hibisci
918,Metschnikowia kamakouana
919,Metschnikowia kipukae
920,Metschnikowia lochheadii
921,Metschnikowia matae
922,Metschnikowia mauinuiana
923,Metschnikowia proteae
924,Metschnikowia santaceciliae
925,Metschnikowia shivogae
926,Metschnikowia similis
927,Metschnikowia sp.
928,Meyerozyma caribbica
929,Meyerozyma guilliermondii
930,Microascus trigonosporus
931,Microbotryum intermedium
932,Microbotryum lychnidis-dioicae
933,Microbotryum saponariae
934,Microbotryum violaceum
935,Microcyclospora pomicola
936,Microcyclosporella mali
937,Microdochium bolleyi
938,Microdochium trichocladiopsis
939,Microsporum canis
940,Microthyrium microscopicum
941,Millerozyma acaciae
942,Millerozyma farinosa
943,Mitosporidium daphniae
944,Mixia osmundae
945,Moesziomyces antarcticus
946,Moesziomyces aphidis
947,Monacrosporium haptotylum
948,Monascus purpureus
949,Monascus ruber
950,Moniliella sp.
951,Monilinia aucupariae
952,Monilinia fructicola
953,Moniliophthora perniciosa
954,Moniliophthora roreri
955,Morchella conica
956,Morchella importuna
957,Mortierella alpina
958,Mortierella elongata
959,Mortierella humilis
960,Mortierella multidivaricata
961,Mortierella sp.
962,Mortierella verticillata
963,Mrakia blollopis
964,Mrakia frigida
965,Mrakia psychrophila
966,Mucor ambiguus
967,Mucor circinelloides
968,Mucor cordense
969,Mucor heterogamus
970,Mucor indicus
971,Mucor irregularis
972,Mucor racemosus
973,Mucor velutinosus
974,Multifurca ochricompacta
975,Mutinus elegans
976,Myceliophthora heterothallica
977,Myceliophthora thermophila
978,Mycena alexandri
979,Mycena amicta
980,Mycena belliae
981,Mycena capillaripes
982,Mycena chlorophos
983,Mycena crocata
984,Mycena epipterygia
985,Mycena filopes
986,Mycena floridula
987,Mycena galopus
988,Mycena haematopus
989,Mycena rebaudengoi
990,Mycena rosella
991,Mycena sanguinolenta
992,Mycena sp.
993,Mycena vitilis
994,Mycosphaerella arachidis
995,Mycosphaerella eumusae
996,Mycosphaerella graminicola
997,Mycosphaerella populi
998,Mycosphaerella sp.
999,Mycosphaerelloides madeirae
1000,Mycotypha africana
1001,Myriangium duriaei
1002,Myriosclerotinia curreyana
1003,Myriosclerotinia duriaeana
1004,Myriosclerotinia scirpicola
1005,Myrothecium inundatum
1006,Mytilinidion resinicola
1007,Nadsonia fulvescens
1008,Naematelia encephala
1009,Naganishia albida
1010,Naiadella fluitans
1011,Nakaseomyces bacillisporus
1012,Nakaseomyces delphensis
1013,Nakazawaea peltata
1014,Nannizzia gypsea
1015,Naohidea sebacea
1016,Naumovozyma castellii
1017,Naumovozyma dairenensis
1018,Nectria haematococca
1019,Nectria sp.
1020,Nematocida displodere
1021,Nematocida parisii
1022,Nematocida sp.
1023,Neocallimastix californiae
1024,Neofusicoccum parvum
1025,Neolecta irregularis
1026,Neolentinus lepideus
1027,Neonectria ditissima
1028,Neosartorya fischeri
1029,Neoscytalidium dimidiatum
1030,Neurospora africana
1031,Neurospora crassa
1032,Neurospora discreta
1033,Neurospora hispaniola
1034,Neurospora pannonica
1035,Neurospora sublineolata
1036,Neurospora terricola
1037,Neurospora tetrasperma
1038,Niesslia exilis
1039,Nigrograna mackinnonii
1040,
1041,Nosema apis
1042,Nosema bombycis
1043,Nosema ceranae
1044,Nothophaeocryptopus gaeumannii
1045,Obba rivulosa
1046,Obelidium mucronatum
1047,Ochroconis constricta
1048,Ogataea methanolica
1049,Ogataea parapolymorpha
1050,Ogataea polymorpha
1051,Oidiodendron maius
1052,Oliveonia pauxilla
1053,Omphalotus olearius
1054,Onnia scaura
1055,Onygena corvina
1056,Ophidiomyces ophiodiicola
1057,Ophiobolus disseminans
1058,Ophiocordyceps australis
1059,Ophiocordyceps bispora
1060,Ophiocordyceps camponoti-rufipedis
1061,Ophiocordyceps polyrhachis-furcata
1062,Ophiocordyceps sinensis
1063,Ophiocordyceps unilateralis
1064,Ophiognomonia clavigignenti-juglandacearum
1065,Ophiostoma novo-ulmi
1066,Ophiostoma piceae
1067,Ophiostoma piliferum
1068,Ordospora colligata
1069,Orpinomyces sp.
1070,Oudemansiella mucida
1071,Pachysolen tannophilus
1072,Paecilomyces hepiali
1073,Paecilomyces variotii
1074,Panaeolus papilionaceus
1075,Panellus stipticus
1076,Panus rudis
1077,Papiliotrema flavescens
1078,Papiliotrema laurentii
1079,Paracoccidioides brasiliensis
1080,Paracoccidioides lutzii
1081,Paracoccidioides sp.
1082,Paraconiothyrium sporulosum
1083,Paraphaeosphaeria sporulosa
1084,Paraphoma chrysanthemicola
1085,Paraphoma sp.
1086,Paraphysoderma sedebokerense
1087,Parasitella parasitica
1088,Parastagonospora nodorum
1089,Passalora fulva
1090,Patellaria atrata
1091,Paxillus adelphus
1092,Paxillus ammoniavirescens
1093,Paxillus involutus
1094,Paxillus rubicundulus
1095,Pecoramyces ruminatium
1096,Peltaster fructicola
1097,Penicilliopsis zonata
1098,Penicillium antarcticum
1099,Penicillium arizonense
1100,Penicillium biforme
1101,Penicillium bilaiae
1102,Penicillium brasilianum
1103,Penicillium brevicompactum
1104,Penicillium camemberti
1105,Penicillium canescens
1106,Penicillium capsulatum
1107,Penicillium carneum
1108,Penicillium chrysogenum
1109,Penicillium citrinum
1110,Penicillium coprophilum
1111,Penicillium decumbens
1112,Penicillium digitatum
1113,Penicillium expansum
1114,Penicillium fellutanum
1115,Penicillium flavigenum
1116,Penicillium freii
1117,Penicillium fuscoglaucum
1118,Penicillium glabrum
1119,Penicillium griseofulvum
1120,Penicillium italicum
1121,Penicillium janthinellum
1122,Penicillium lanosocoeruleum
1123,Penicillium nalgiovense
1124,Penicillium nordicum
1125,Penicillium occitanis
1126,Penicillium oxalicum
1127,Penicillium paneum
1128,Penicillium paxilli
1129,Penicillium polonicum
1130,Penicillium raistrickii
1131,Penicillium roqueforti
1132,Penicillium rubens
1133,Penicillium sclerotiorum
1134,Penicillium solitum
1135,Penicillium sp.
1136,Penicillium steckii
1137,Penicillium subrubescens
1138,Penicillium swiecickii
1139,Penicillium thymicola
1140,Penicillium verrucosum
1141,Penicillium vulpinum
1142,Peniophora sp.
1143,Periconia macrospinosa
1144,Periglandula ipomoeae
1145,Pestalotiopsis fici
1146,Pestalotiopsis sp.
1147,Pezoloma ericae
1148,Phaeoacremonium aleophilum
1149,Phaeoacremonium minimum
1150,Phaeoacremonium sp.
1151,Phaeomoniella chlamydospora
1152,Phaeosphaeria nodorum
1153,Phaeosphaeriaceae sp.
1154,Phaeotremella fagi
1155,Phaeotremella skinneri
1156,Phaffia rhodozyma
1157,Phanerochaete carnosa
1158,Phanerochaete chrysosporium
1159,Phascolomyces articulosus
1160,Phellinus ferrugineofuscus
1161,Phellinus lamaoensis
1162,Phellinus noxius
1163,Phialocephala scopiformis
1164,Phialocephala subalpina
1165,Phialophora americana
1166,Phialophora attae
1167,Phialophora verrucosa
1168,Phlebia brevispora
1169,Phlebia centrifuga
1170,Phlebiopsis gigantea
1171,Phlebopus portentosus
1172,Pholiota alnicola
1173,Pholiota conissans
1174,Phoma herbarum
1175,Phoma tracheiphila
1176,Phycomyces blakesleeanus
1177,Phycomyces nitens
1178,Phyllosticta capitalensis
1179,Phyllosticta citriasiana
1180,Phyllosticta citribraziliensis
1181,Phyllosticta citricarpa
1182,Phyllosticta citrichinaensis
1183,Phyllosticta sp.
1184,Pichia kudriavzevii
1185,Pichia membranifaciens
1186,Pichia pastoris
1187,Pichia stipitis
1188,Piedraia hortae
1189,Pilaira anomala
1190,Pilobolus umbonatus
1191,Piloderma croceum
1192,Piptocephalis cylindrospora
1193,Piriformospora indica
1194,Piromyces finnis
1195,Piromyces sp.
1196,Pisolithus microcarpus
1197,Pisolithus tinctorius
1198,Plectania melastoma
1199,Plectosphaerella cucumerina
1200,Pleomassaria siparia
1201,Pleosporales sp.
1202,Pleurotus eryngii
1203,Pleurotus ostreatus
1204,Pleurotus salmoneostramineus
1205,Pleurotus tuoliensis
1206,Plicaturopsis crispa
1207,Pluteus cervinus
1208,Pneumocystis carinii
1209,Pneumocystis jirovecii
1210,Pneumocystis murina
1211,Pochonia chlamydosporia
1212,Podospora anserina
1213,Podospora curvicolla
1214,Podospora didyma
1215,Polychaeton citri
1216,Polyplosphaeria fusca
1217,Polyporus arcularius
1218,Polyporus brumalis
1219,Polyporus squamosus
1220,Polytolypa hystricis
1221,Porodaedalea chrysoloma
1222,Porodaedalea niemelaei
1223,Porodaedalea pini
1224,Postia placenta
1225,Preussia sp.
1226,Priceomyces haplophilus
1227,Protomyces inouyei
1228,Protomyces lactucaedebilis
1229,Pseudocercospora (Mycosphaerella)
1230,Pseudocercospora fijiensis
1231,Pseudocercospora musae
1232,Pseudocercospora pini-densiflorae
1233,Pseudographis elatina
1234,Pseudogymnoascus destructans
1235,Pseudogymnoascus pannorum
1236,Pseudogymnoascus sp.
1237,Pseudogymnoascus verrucosus
1238,Pseudoloma neurophilia
1239,Pseudomassariella vexata
1240,Pseudomicrostroma glucosiphilum
1241,Pseudopyrenochaeta lycopersici
1242,Pseudovirgaria hyperparasitica
1243,Pseudozyma antarctica
1244,Pseudozyma hubeiensis
1245,Pseudozyma tsukubaensis
1246,Pterula gracilis
1247,Puccinia arachidis
1248,Puccinia coronata
1249,Puccinia graminis
1250,Puccinia horiana
1251,Puccinia psidii
1252,Puccinia sorghi
1253,Puccinia striiformis
1254,Puccinia triticina
1255,Punctularia strigosozonata
1256,Purpureocillium lilacinum
1257,Purpureocillium sp.
1258,Pycnoporus cinnabarinus
1259,Pycnoporus coccineus
1260,Pycnoporus puniceus
1261,Pycnoporus sanguineus
1262,Pyrenochaeta lycopersici
1263,Pyrenochaeta sp.
1264,Pyrenophora seminiperda
1265,Pyrenophora teres
1266,Pyrenophora tritici-repentis
1267,Pyronema confluens
1268,Pyronema omphalodes
1269,Rachicladosporium antarcticum
1270,Rachicladosporium sp.
1271,Radiomyces spectabilis
1272,Raffaelea albimanens
1273,Raffaelea ambrosiae
1274,Raffaelea arxii
1275,Raffaelea lauricola
1276,Raffaelea quercivora
1277,Raffaelea quercus-mongolicae
1278,Raffaelea sp.
1279,Raffaelea sulphurea
1280,Ramalina peruviana
1281,Ramaria rubella
1282,Ramicandelaber brevisporus
1283,Ramichloridium luteum
1284,Ramularia collo-cygni
1285,Ramularia endophylla
1286,Rasamsonia emersonii
1287,Reticulascus tulasneorum
1288,Rhinocladiella mackenziei
1289,Rhizoclosmatium globosum
1290,Rhizoctonia solani
1291,Rhizodiscina lignyota
1292,Rhizomucor miehei
1293,Rhizomucor pusillus
1294,Rhizomucor variabilis
1295,Rhizophagus irregularis
1296,Rhizophlyctis rosea
1297,Rhizopogon salebrosus
1298,Rhizopogon vesiculosus
1299,Rhizopogon vinicolor
1300,Rhizopus delemar
1301,Rhizopus microsporus
1302,Rhizopus oryzae
1303,Rhizopus stolonifer
1304,Rhizoscyphus ericae
1305,Rhodocollybia butyracea
1306,Rhodofomes roseus
1307,Rhodosporidium toruloides
1308,Rhodotorula glutinis
1309,Rhodotorula graminis
1310,Rhodotorula minuta
1311,Rhodotorula mucilaginosa
1312,Rhodotorula sp.
1313,Rhodotorula toruloides
1314,Rhynchosporium agropyri
1315,Rhynchosporium commune
1316,Rhynchosporium secalis
1317,Rhytidhysteron rufulum
1318,Rickenella fibula
1319,Rickenella mellea
1320,Rigidoporus microporus
1321,Rosellinia necatrix
1322,Rozella allomycis
1323,Russula brevipes
1324,Russula compacta
1325,Russula dissimulans
1326,Russula rugulosa
1327,Russula vinacea
1328,Rutstroemia echinophila
1329,Rutstroemia firma
1330,Rutstroemia sydowiana
1331,Saccharata proteae
1332,Saccharomyces arboricola
1333,Saccharomyces bayanus
1334,Saccharomyces cerevisiae
1335,Saccharomyces eubayanus
1336,Saccharomyces kudriavzevii
1337,Saccharomyces mikatae
1338,Saccharomyces paradoxus
1339,Saccharomyces pastorianus
1340,Saccharomyces sp.
1341,Saccharomyces uvarum
1342,Saccharomycetaceae sp.
1343,Saccharomycopsis fermentans
1344,Saccharomycopsis fibuligera
1345,Saccharomycopsis fodiens
1346,Saccharomycopsis malanga
1347,Saitoella complicata
1348,Saksenae oblongispora
1349,Saksenaea vasiformis
1350,Salmacisia buchloeana
1351,Sanghuangporus baumii
1352,Saprochaete clavata
1353,Sarcoscypha coccinea
1354,Sarocladium oryzae
1355,Scedosporium apiospermum
1356,Scedosporium aurantiacum
1357,Scedosporium boydii
1358,Scedosporium dehoogii
1359,Scheffersomyces lignosus
1360,Scheffersomyces shehatae
1361,Scheffersomyces sp.
1362,Scheffersomyces stipitis
1363,Schizophyllum commune
1364,Schizopora paradoxa
1365,Schizosaccharomyces cryophilus
1366,Schizosaccharomyces japonicus
1367,Schizosaccharomyces octosporus
1368,Schizosaccharomyces pombe
1369,Schizothecium vesticola
1370,Scleroderma citrinum
1371,Sclerogaster hysterangioides
1372,Sclerophora sanguinea
1373,Sclerotinia borealis
1374,Sclerotinia glacialis
1375,Sclerotinia homoeocarpa
1376,Sclerotinia sclerotiorum
1377,Sclerotium cepivorum
1378,Scytalidium lignicola
1379,Scytinostroma sp.
1380,Sebacina vermifera
1381,Septobasidium sp.
1382,Septoria musiva
1383,Septoria populicola
1384,Serendipita indica
1385,Serendipita sp.
1386,Serendipita vermifera
1387,Serpula himantioides
1388,Serpula lacrymans
1389,Setomelanomma holmii
1390,Setosphaeria turcica
1391,Shiraia sp.
1392,Sirobasidium intermedium
1393,Sistotremastrum niveocremeum
1394,Sistotremastrum suecicum
1395,Smittium culicis
1396,Smittium mucronatum
1397,Sodiomyces alkalinus
1398,Solicoccozyma phenolicus
1399,Solicoccozyma terricola
1400,Sordaria brevicollis
1401,Sordaria macrospora
1402,Sparassis latifolia
1403,Spathaspora arborariae
1404,Spathaspora girioi
1405,Spathaspora gorwiae
1406,Spathaspora hagerdaliae
1407,Spathaspora passalidarum
1408,Spathaspora sp.
1409,Spathaspora xylofermentans
1410,Spathularia flavida
1411,Sphaerobolus stellatus
1412,Sphaerulina musiva
1413,Sphaerulina populicola
1414,Spinellus fusiger
1415,Spizellomyces punctatus
1416,Sporidiobolus pararoseus
1417,Sporidiobolus salmonicolor
1418,Sporisorium iseilematis-ciliati
1419,Sporisorium reilianum
1420,Sporisorium scitamineum
1421,Sporobolomyces linderae
1422,Sporobolomyces roseus
1423,Sporodiniella umbellata
1424,Sporopachydermia lactativora
1425,Sporopachydermia quercuum
1426,Sporormia fimetaria
1427,Sporothrix brasiliensis
1428,Sporothrix globosa
1429,Sporothrix insectorum
1430,Sporothrix pallida
1431,Sporothrix schenckii
1432,Spraguea lophii
1433,Stachybotrys chartarum
1434,Stachybotrys chlorohalonata
1435,Stachybotrys elegans
1436,Stagonospora nodorum
1437,Stagonospora sp.
1438,Stagonosporopsis tanaceti
1439,Stanjemonium grisellum
1440,Starmerella bacillaris
1441,Starmerella bombicola
1442,Stemphylium lycopersici
1443,Stereum hirsutum
1444,Sugiyamaella americana
1445,Sugiyamaella lignohabitans
1446,Sugiyamaella xylanicola
1447,Suhomyces tanzawaensis
1448,Suillus americanus
1449,Suillus brevipes
1450,Suillus cothurnatus
1451,Suillus decipiens
1452,Suillus granulatus
1453,Suillus hirtellus
1454,Suillus luteus
1455,Suillus pictus
1456,Suillus subaureus
1457,Suillus tomentosus
1458,Symbiotaphrina buchneri
1459,Symbiotaphrina kochii
1460,Sympodiomyces attinorum
1461,Syncephalastrum monosporum
1462,Syncephalastrum racemosum
1463,Syncephalis fuscata
1464,Syncephalis plumigaleata
1465,Syncephalis pseudoplumigaleata
1466,Synchytrium endobioticum
1467,Taiwanofungus camphoratus
1468,Talaromyces aculeatus
1469,Talaromyces adpressus
1470,Talaromyces amestolkiae
1471,Talaromyces atroroseus
1472,Talaromyces borbonicus
1473,Talaromyces cellulolyticus
1474,Talaromyces islandicus
1475,Talaromyces leycettanus
1476,Talaromyces marneffei
1477,Talaromyces piceae
1478,Talaromyces pinophilus
1479,Talaromyces proteolyticus
1480,Talaromyces purpureogenus
1481,Talaromyces stipitatus
1482,Talaromyces verruculosus
1483,Talaromyces wortmannii
1484,Taphrina deformans
1485,Taphrina flavorubra
1486,Taphrina populina
1487,Taphrina wiesneri
1488,Taxomyces andreanae
1489,Teratosphaeria nubilosa
1490,Terfezia boudieri
1491,Terfezia claveryi
1492,Termitomyces sp.
1493,Testicularia cyperi
1494,Tetrapisispora blattae
1495,Tetrapisispora phaffii
1496,Thamnidium elegans
1497,Thamnocephalis sphaerospora
1498,Thanatephorus cucumeris
1499,Thelebolus microsporus
1500,Thelebolus stercoreus
1501,Thelephora ganbajun
1502,Thermoascus aurantiacus
1503,Thermoascus crustaceus
1504,Thermomucor indicae-seudaticae
1505,Thermomyces lanuginosus
1506,Thermothelomyces thermophila
1507,Thielavia antarctica
1508,Thielavia appendiculata
1509,Thielavia arenaria
1510,Thielavia hyrcaniae
1511,Thielavia terrestris
1512,Thielaviopsis musarum
1513,Thielaviopsis paradoxa
1514,Thielaviopsis punctulata
1515,Thozetella sp.
1516,Tilletia caries
1517,Tilletia controversa
1518,Tilletia horrida
1519,Tilletia indica
1520,Tilletia walkeri
1521,Tilletiaria anomala
1522,Tilletiopsis albescens
1523,Tilletiopsis sp.
1524,Tilletiopsis washingtonensis
1525,Tolypocladium inflatum
1526,Tolypocladium ophioglossoides
1527,Tolypocladium sp.
1528,Torpedospora radiata
1529,Torrubiella hemipterigena
1530,Tortispora caseinolytica
1531,Torulaspora delbrueckii
1532,Torulaspora microellipsoides
1533,Tothia fuscella
1534,Trachipleistophora hominis
1535,Trametes betulina
1536,Trametes cingulata
1537,Trametes cinnabarina
1538,Trametes coccinea
1539,Trametes gibbosa
1540,Trametes hirsuta
1541,Trametes ljubarskyi
1542,Trametes maxima
1543,Trametes meyenii
1544,Trametes polyzona
1545,Trametes pubescens
1546,Trametes sp.
1547,Trametes versicolor
1548,Trametopsis cervina
1549,Trematosphaeria pertusa
1550,Tremella encephala
1551,Tremella fuciformis
1552,Tremella mesenterica
1553,Trichaptum abietinum
1554,Trichodelitschia bisporula
1555,Trichoderma asperellum
1556,Trichoderma atroviride
1557,Trichoderma citrinoviride
1558,Trichoderma gamsii
1559,Trichoderma guizhouense
1560,Trichoderma hamatum
1561,Trichoderma harzianum
1562,Trichoderma koningii
1563,Trichoderma koningiopsis
1564,Trichoderma longibrachiatum
1565,Trichoderma parareesei
1566,Trichoderma pleuroti
1567,Trichoderma reesei
1568,Trichoderma virens
1569,Tricholoma matsutake
1570,Trichomonascus petasosporus
1571,Trichophaea hybrida
1572,Trichophyton benhamiae
1573,Trichophyton equinum
1574,Trichophyton interdigitale
1575,Trichophyton rubrum
1576,Trichophyton soudanense
1577,Trichophyton tonsurans
1578,Trichophyton verrucosum
1579,Trichophyton violaceum
1580,Trichosporon asahii
1581,Trichosporon chiarellii
1582,Trichosporon coremiiforme
1583,Trichosporon faecale
1584,Trichosporon guehoae
1585,Trichosporon inkin
1586,Trichosporon oleaginosus
1587,Trichosporon ovoides
1588,Trinosporium guianense
1589,Tritirachium sp.
1590,Truncatella angustata
1591,Trypethelium eluteriae
1592,Tsuchiyaea wingfieldii
1593,Tuber borchii
1594,Tuber melanosporum
1595,Tulasnella calospora
1596,Umbelopsis isabellina
1597,Umbelopsis ramanniana
1598,Umbelopsis sp.
1599,Umbilicaria muehlenbergii
1600,Umbilicaria pustulata
1601,Uncinocarpus reesii
1602,Uromyces viciae-fabae
1603,Usnea florida
1604,Ustilaginoidea virens
1605,Ustilago bromivora
1606,Ustilago cynodontis
1607,Ustilago esculenta
1608,Ustilago hordei
1609,Ustilago maydis
1610,Ustilago trichophora
1611,Ustilago vetiveriae
1612,Ustilago xerochloae
1613,Valetoniellopsis laxa
1614,Valsa mali
1615,Vanderwaltozyma polyspora
1616,Vanrija fragicola
1617,Vanrija humicola
1618,Vararia minispora
1619,Vavraia culicis
1620,Venturia carpophila
1621,Venturia effusa
1622,Venturia inaequalis
1623,Venturia pirina
1624,Venturia pyrina
1625,Verruconis gallopava
1626,Verruculina enalia
1627,Verticillium albo-atrum
1628,Verticillium alfalfae
1629,Verticillium dahliae
1630,Verticillium isaacii
1631,Verticillium klebahnii
1632,Verticillium longisporum
1633,Verticillium nonalfalfae
1634,Verticillium nubilum
1635,Verticillium tricorpus
1636,Verticillium zaregamsianum
1637,Violaceomyces palustris
1638,Vittaforma corneae
1639,Volvariella volvacea
1640,Vuilleminia comedens
1641,Wallemia ichthyophaga
1642,Wallemia mellicola
1643,Westerdykella ornata
1644,Wickerhamia fluorescens
1645,Wickerhamiella domercqiae
1646,Wickerhamomyces anomalus
1647,Wickerhamomyces ciferrii
1648,Wilcoxina mikolae
1649,Wolfiporia cocos
1650,Xanthophyllomyces dendrorhous
1651,Xanthoria parietina
1652,Xenasmatella vaga
1653,Xerocomus badius
1654,Xeromyces bisporus
1655,Xylaria hypoxylon
1656,Xylaria sp.
1657,Xylaria striata
1658,Xylariales sp.
1659,Xylona heveae
1660,Yamadazyma laniorum
1661,Yarrowia deformans
1662,Yarrowia keelungensis
1663,Yarrowia lipolytica
1664,Yarrowia sp.
1665,Zancudomyces culisetae
1666,Zasmidium angulare
1667,Zasmidium cellare
1668,Zasmidium citri-griseum
1669,Zopfia rhizophila
1670,Zychaea mexicana
1671,Zygoascus hellenicus
1672,Zygosaccharomyces bailii
1673,Zygosaccharomyces parabailii
1674,Zygosaccharomyces rouxii
1675,Zymoseptoria ardabiliae
1676,Zymoseptoria brevis
1677,Zymoseptoria passerinii
1678,Zymoseptoria pseudotritici
1679,Zymoseptoria tritici
1680,[Candida] aaseri
1681,[Candida] apicola
1682,[Candida] auris
1683,[Candida] boidinii
1684,[Candida] carpophila
1685,[Candida] ethanolica
1686,[Candida] glabrata
1687,[Candida] intermedia
1688,[Candida] ipomoeae
1689,[Candida] sorbophila
1690,[Candida] succiphila
1691,[Candida] tenuis
1692,[Cryptococcus] albidus
1693,[Nectria] haematococca
1694,fungal sp.
